﻿<?xml version="1.0" encoding="utf-8"?>
<reflection>
  <assemblies>
    <assembly name="System.ServiceModel.WasHosting">
      <assemblydata version="3.0.0.0" culture="" key="00000000000000000400000000000000" hash="SHA1" />
      <attributes>
        <attribute>
          <type api="T:System.Reflection.AssemblyKeyFileAttribute" ref="true" />
          <argument>
            <type api="T:System.String" ref="true" />
            <value>F:\WinFXRed\Tools\devdiv\EcmaPublicKey.snk</value>
          </argument>
        </attribute>
        <attribute>
          <type api="T:System.Reflection.AssemblyDelaySignAttribute" ref="true" />
          <argument>
            <type api="T:System.Boolean" ref="false" />
            <value>True</value>
          </argument>
        </attribute>
        <attribute>
          <type api="T:System.Resources.NeutralResourcesLanguageAttribute" ref="true" />
          <argument>
            <type api="T:System.String" ref="true" />
            <value>en-US</value>
          </argument>
        </attribute>
        <attribute>
          <type api="T:System.Resources.SatelliteContractVersionAttribute" ref="true" />
          <argument>
            <type api="T:System.String" ref="true" />
            <value>3.0.0.0</value>
          </argument>
        </attribute>
        <attribute>
          <type api="T:System.Reflection.AssemblyInformationalVersionAttribute" ref="true" />
          <argument>
            <type api="T:System.String" ref="true" />
            <value>3.0.4506.641</value>
          </argument>
        </attribute>
        <attribute>
          <type api="T:System.Reflection.AssemblyFileVersionAttribute" ref="true" />
          <argument>
            <type api="T:System.String" ref="true" />
            <value>3.0.4506.641</value>
          </argument>
        </attribute>
        <attribute>
          <type api="T:System.Reflection.AssemblyCopyrightAttribute" ref="true" />
          <argument>
            <type api="T:System.String" ref="true" />
            <value>© Microsoft Corporation.  All rights reserved.</value>
          </argument>
        </attribute>
        <attribute>
          <type api="T:System.Reflection.AssemblyProductAttribute" ref="true" />
          <argument>
            <type api="T:System.String" ref="true" />
            <value>Microsoft® .NET Framework</value>
          </argument>
        </attribute>
        <attribute>
          <type api="T:System.Reflection.AssemblyCompanyAttribute" ref="true" />
          <argument>
            <type api="T:System.String" ref="true" />
            <value>Microsoft Corporation</value>
          </argument>
        </attribute>
        <attribute>
          <type api="T:System.Reflection.AssemblyDefaultAliasAttribute" ref="true" />
          <argument>
            <type api="T:System.String" ref="true" />
            <value>System.ServiceModel.WasHosting.dll</value>
          </argument>
        </attribute>
        <attribute>
          <type api="T:System.Reflection.AssemblyDescriptionAttribute" ref="true" />
          <argument>
            <type api="T:System.String" ref="true" />
            <value>System.ServiceModel.WasHosting.dll</value>
          </argument>
        </attribute>
        <attribute>
          <type api="T:System.Reflection.AssemblyTitleAttribute" ref="true" />
          <argument>
            <type api="T:System.String" ref="true" />
            <value>System.ServiceModel.WasHosting.dll</value>
          </argument>
        </attribute>
        <attribute>
          <type api="T:System.CLSCompliantAttribute" ref="true" />
          <argument>
            <type api="T:System.Boolean" ref="false" />
            <value>True</value>
          </argument>
        </attribute>
        <attribute>
          <type api="T:System.Runtime.InteropServices.ComVisibleAttribute" ref="true" />
          <argument>
            <type api="T:System.Boolean" ref="false" />
            <value>False</value>
          </argument>
        </attribute>
      </attributes>
    </assembly>
  </assemblies>
  <apis />
</reflection>